,Dominant Doc Count,Average Share
Topic 12,770,0.10993435
Topic 11,689,0.095067926
Topic 6,680,0.09510989
Topic 7,607,0.08323049
Topic 9,544,0.0805272
Topic 8,516,0.07539508
Topic 0,510,0.06496133
Topic 1,465,0.07019705
Topic 4,451,0.06995473
Topic 10,449,0.069042765
Topic 3,402,0.061679304
Topic 5,395,0.06404598
Topic 2,381,0.06085389
